<?xml version="1.0"?>
<!DOCTYPE hibernate-mapping PUBLIC "-//Hibernate/Hibernate Mapping DTD 3.0//EN"
"http://www.hibernate.org/dtd/hibernate-mapping-3.0.dtd">
<!-- Generated 14 Mar, 2016 6:04:14 PM by Hibernate Tools 3.6.0 -->
<hibernate-mapping>
    <class name="com.gtl.mmf.entity.AdminNotificationTb" table="admin_notification_tb" catalog="mmfdb">
        <id name="id" type="java.lang.Integer">
            <column name="id" />
            <generator class="identity" />
        </id>
        <property name="notificationStatus" type="string">
            <column name="notification_status" length="50" />
        </property>
        <property name="statusCode" type="java.lang.Integer">
            <column name="status_code" not-null="true" />
        </property>
        <property name="notificationDate" type="timestamp">
            <column name="notification_date" length="19"/>
        </property>
        <property name="notifyAdmin" type="boolean">
            <column name="notify_admin" not-null="true"/>
        </property>
        <property name="adminViewed" type="boolean">
            <column name="admin_viewed" not-null="true" />
        </property>
    </class>
</hibernate-mapping>
