<?xml version="1.0"?>
<!DOCTYPE hibernate-mapping PUBLIC "-//Hibernate/Hibernate Mapping DTD 3.0//EN"
"http://hibernate.sourceforge.net/hibernate-mapping-3.0.dtd">
<!-- Generated Feb 20, 2014 10:41:04 AM by Hibernate Tools 3.2.1.GA -->
<hibernate-mapping>
    <class name="com.gtl.mmf.entity.AdminuserTb" table="adminuser_tb" catalog="mmfdb">
        <id name="id" type="java.lang.Integer">
            <column name="id" />
            <generator class="identity" />
        </id>
        <property name="username" type="string">
            <column name="username" length="50" not-null="true" />
        </property>
        <property name="password" type="string">
            <column name="password" length="100" not-null="true" />
        </property>
        <property name="userType" type="string">
            <column name="user_type" length="20" />
        </property>
        <property name="email" type="string">
            <column name="email" length="50" />
        </property>
        <property name="mobile" type="string">
            <column name="mobile" length="15" />
        </property>
    </class>
</hibernate-mapping>
