<?xml version="1.0"?>
<!DOCTYPE hibernate-mapping PUBLIC "-//Hibernate/Hibernate Mapping DTD 3.0//EN"
"http://hibernate.sourceforge.net/hibernate-mapping-3.0.dtd">
<!-- Generated Jul 13, 2015 10:58:19 AM by Hibernate Tools 3.2.1.GA -->
<hibernate-mapping>
    <class name="com.gtl.mmf.entity.Advisorbucketwisepayouts" table="advisorbucketwisepayouts" catalog="mmfdb">
        <id name="id" type="java.lang.Integer">
            <column name="id" />
            <generator class="identity" />
        </id>
        <many-to-one name="masterAdvisorTb" class="com.gtl.mmf.entity.MasterAdvisorTb" fetch="select">
            <column name="advID" />
        </many-to-one>
        <many-to-one name="promodefinitions" class="com.gtl.mmf.entity.Promodefinitions" fetch="select">
            <column name="promoID" />
        </many-to-one>
        <property name="mgntfee" type="big_decimal">
            <column name="mgntfee" precision="15" />
        </property>
        <property name="perffee" type="big_decimal">
            <column name="perffee" precision="15" />
        </property>
        <property name="mfCommission" type="big_decimal">
            <column name="mfCommission" precision="15" />
        </property>
        <property name="pfCommission" type="big_decimal">
            <column name="pfCommission" precision="15" />
        </property>
        <property name="mfPayout" type="big_decimal">
            <column name="mfPayout" precision="15" />
        </property>
        <property name="pfPayout" type="big_decimal">
            <column name="pfPayout" precision="15" />
        </property>
        <property name="dateAdded" type="date">
            <column name="date_Added" length="10" />
        </property>
    </class>
</hibernate-mapping>
