<?xml version="1.0"?>
<!DOCTYPE hibernate-mapping PUBLIC "-//Hibernate/Hibernate Mapping DTD 3.0//EN"
"http://www.hibernate.org/dtd/hibernate-mapping-3.0.dtd">
<!-- Generated 29 Mar, 2016 12:24:19 PM by Hibernate Tools 3.6.0 -->
<hibernate-mapping>
    <class name="com.gtl.mmf.entity.BankTb" table="bank_tb" catalog="mmfdb">
        <id name="id" type="java.lang.Integer">
            <column name="id" />
            <generator class="identity" />
        </id>
        <property name="bank" type="string">
            <column name="bank" length="100" not-null="true" />
        </property>
        <property name="ifsc" type="string">
            <column name="ifsc" length="20" not-null="true" unique="true" />
        </property>
        <property name="branch" type="string">
            <column name="branch" length="100" not-null="true" />
        </property>
        <property name="address" type="string">
            <column name="address" length="100" not-null="true" />
        </property>
        <property name="contact" type="string">
            <column name="contact" length="20" not-null="true" />
        </property>
        <property name="city" type="string">
            <column name="city" length="50" not-null="true" />
        </property>
        <property name="district" type="string">
            <column name="district" length="50" not-null="true" />
        </property>
        <property name="state" type="string">
            <column name="state" length="50" not-null="true" />
        </property>
    </class>
</hibernate-mapping>
