<?xml version="1.0"?>
<!DOCTYPE hibernate-mapping PUBLIC "-//Hibernate/Hibernate Mapping DTD 3.0//EN"
"http://www.hibernate.org/dtd/hibernate-mapping-3.0.dtd">
<!-- Generated Jul 14, 2015 9:49:26 AM by Hibernate Tools 3.6.0 -->
<hibernate-mapping>
    <class name="com.gtl.mmf.entity.CashFlowTb" table="cash_flow_tb" catalog="mmfdb">
        <id name="id" type="java.lang.Integer">
            <column name="id" />
            <generator class="identity" />
        </id>
        <property name="tradeCode" type="string">
            <column name="trade_code" length="16" />
        </property>
        <property name="payIn" type="big_decimal">
            <column name="pay_in" precision="15" />
        </property>
        <property name="payOut" type="big_decimal">
            <column name="pay_out" precision="15" />
        </property>
        <property name="tranDate" type="timestamp">
            <column name="tran_date" length="19" />
        </property>
        <property name="processed" type="java.lang.Boolean">
            <column name="processed" />
        </property>
    </class>
</hibernate-mapping>
