<?xml version="1.0"?>
<!DOCTYPE hibernate-mapping PUBLIC "-//Hibernate/Hibernate Mapping DTD 3.0//EN"
"http://www.hibernate.org/dtd/hibernate-mapping-3.0.dtd">
<!-- Generated 8 Jul, 2014 12:20:30 PM by Hibernate Tools 3.6.0 -->
<hibernate-mapping>
    <class name="com.gtl.mmf.entity.CitiesTb" table="cities_tb" catalog="mmfdb">
        <id name="cityId" type="java.lang.Integer">
            <column name="cityID" />
            <generator class="identity" />
        </id>
        <property name="cityName" type="string">
            <column name="cityName" length="50" not-null="true" />
        </property>
        <property name="stateCode" type="string">
            <column name="stateCode" length="50" not-null="true" />
        </property>
    </class>
</hibernate-mapping>
