<?xml version="1.0"?>
<!DOCTYPE hibernate-mapping PUBLIC "-//Hibernate/Hibernate Mapping DTD 3.0//EN"
"http://hibernate.sourceforge.net/hibernate-mapping-3.0.dtd">
<!-- Generated Apr 3, 2014 10:18:47 AM by Hibernate Tools 3.2.1.GA -->
<hibernate-mapping>
    <class name="com.gtl.mmf.entity.ClientButtonsTb" table="client_buttons_tb" catalog="mmfdb">
        <id name="id" type="java.lang.Integer">
            <column name="id" />
            <generator class="identity" />
        </id>
        <property name="userType" type="string">
            <column name="user_type" length="45" not-null="true" />
        </property>
        <property name="statusCode" type="int">
            <column name="status_code" not-null="true" />
        </property>
        <property name="buttonText" type="string">
            <column name="button_text" length="45" not-null="true" />
        </property>
        <property name="styleClass" type="string">
            <column name="style_class" length="45" />
        </property>
        <property name="immediate" type="java.lang.Boolean">
            <column name="immediate" />
        </property>
        <property name="confirm" type="java.lang.Boolean">
            <column name="confirm" />
        </property>
    </class>
</hibernate-mapping>
