<?xml version="1.0"?>
<!DOCTYPE hibernate-mapping PUBLIC "-//Hibernate/Hibernate Mapping DTD 3.0//EN"
"http://hibernate.sourceforge.net/hibernate-mapping-3.0.dtd">
<!-- Generated Mar 24, 2014 2:23:31 PM by Hibernate Tools 3.2.1.GA -->
<hibernate-mapping>
    <class name="com.gtl.mmf.entity.ContractPercLookupTb" table="contract_perc_lookup_tb" catalog="mmfdb">
        <id name="id" type="java.lang.Integer">
            <column name="id" />
            <generator class="identity" />
        </id>
        <property name="fieldType" type="string">
            <column name="field_type" length="45" not-null="true" />
        </property>
        <property name="fieldLabel" type="string">
            <column name="field_label" length="45" not-null="true" />
        </property>
        <property name="fieldValue" type="big_decimal">
            <column name="field_value" precision="5" not-null="true" />
        </property>
    </class>
</hibernate-mapping>
