<?xml version="1.0"?>
<!DOCTYPE hibernate-mapping PUBLIC "-//Hibernate/Hibernate Mapping DTD 3.0//EN"
"http://hibernate.sourceforge.net/hibernate-mapping-3.0.dtd">
<!-- Generated Feb 20, 2014 10:41:04 AM by Hibernate Tools 3.2.1.GA -->
<hibernate-mapping>
    <class name="com.gtl.mmf.entity.CountryTb" table="country_tb" catalog="mmfdb">
        <id name="id" type="java.lang.Integer">
            <column name="id" />
            <generator class="identity" />
        </id>
        <property name="countryCode" type="string">
            <column name="country_code" length="5" />
        </property>
        <property name="countryName" type="string">
            <column name="country_name" length="50" />
        </property>
    </class>
</hibernate-mapping>
