<?xml version="1.0"?>
<!DOCTYPE hibernate-mapping PUBLIC "-//Hibernate/Hibernate Mapping DTD 3.0//EN"
"http://hibernate.sourceforge.net/hibernate-mapping-3.0.dtd">
<!-- Generated Jul 1, 2016 3:55:39 PM by Hibernate Tools 3.4.0.CR1 -->
<hibernate-mapping>
    <class name="com.gtl.mmf.entity.CustomerRiskProfileResponseSetTb" table="customer_risk_profile_response_set_tb" catalog="mmfdb">
        <id name="responseId" type="java.lang.Integer">
            <column name="response_id" />
            <generator class="identity" />
        </id>
        <property name="responseSetId" type="java.lang.Integer">
            <column name="response_set_id" />
        </property>
        <property name="customerRegistrationId" type="string">
            <column name="customer_registration_id" length="50" />
        </property>
        <property name="questionId" type="java.lang.Integer">
            <column name="question_id" />
        </property>
        <property name="answerId" type="java.lang.Integer">
            <column name="answer_id" />
        </property>
        <property name="dateTime" type="timestamp">
            <column name="date_time" length="19" />
        </property>
    </class>
</hibernate-mapping>
