<?xml version="1.0"?>
<!DOCTYPE hibernate-mapping PUBLIC "-//Hibernate/Hibernate Mapping DTD 3.0//EN"
"http://www.hibernate.org/dtd/hibernate-mapping-3.0.dtd">
<!-- Generated 5 Dec, 2015 1:20:59 PM by Hibernate Tools 3.6.0 -->
<hibernate-mapping>
    <class name="com.gtl.mmf.entity.CustomerTransactionOrderDetailsTb" table="customer_transaction_order_details_tb" catalog="mmfdb">
        <id name="customerTransactionOrderId" type="java.lang.Integer">
            <column name="customer_transaction_order_id" />
            <generator class="identity" />
        </id>
        <many-to-one name="portfolioDetailsTb" class="com.gtl.mmf.entity.PortfolioDetailsTb" fetch="select">
            <column name="portfolio_details_id" not-null="true" />
        </many-to-one>
        <many-to-one name="masterCustomerTb" class="com.gtl.mmf.entity.MasterCustomerTb" fetch="select">
            <column name="customer_id" not-null="true" />
        </many-to-one>
        <many-to-one name="portfolioSecuritiesTb" class="com.gtl.mmf.entity.PortfolioSecuritiesTb" fetch="select">
            <column name="portfolio_securities_id" not-null="true" />
        </many-to-one>
        <many-to-one name="masterAssetTb" class="com.gtl.mmf.entity.MasterAssetTb" fetch="select">
            <column name="asset_class_id" not-null="true" />
        </many-to-one>
        <many-to-one name="portfolioTb" class="com.gtl.mmf.entity.PortfolioTb" fetch="select">
            <column name="portfolio_id" not-null="true" />
        </many-to-one>
        <property name="securityid" type="string">
            <column name="securityid" length="100" not-null="true" />
        </property>
        <property name="securityCode" type="string">
            <column name="security_code" length="100" />
        </property>
        <property name="venueCode" type="string">
            <column name="venue_code" length="100" />
        </property>
        <property name="securityUnits" type="big_decimal">
            <column name="security_units" precision="11" not-null="true" />
        </property>
        <property name="securityPrice" type="big_decimal">
            <column name="security_price" precision="10" />
        </property>
        <property name="orderDate" type="timestamp">
            <column name="order_date" length="19" not-null="true" />
        </property>
        <property name="omsUserid" type="string">
            <column name="oms_userid" length="50" not-null="true" />
        </property>
        <property name="venueScriptCode" type="string">
            <column name="venue_script_code" length="100" />
        </property>
        <property name="buySell" type="string">
            <column name="buy_sell" length="50" not-null="true" />
        </property>
        <property name="ordertype" type="java.lang.Boolean">
            <column name="ordertype" />
        </property>
    </class>
</hibernate-mapping>
