<?xml version="1.0"?>
<!DOCTYPE hibernate-mapping PUBLIC "-//Hibernate/Hibernate Mapping DTD 3.0//EN"
"http://www.hibernate.org/dtd/hibernate-mapping-3.0.dtd">
<!-- Generated 5 Dec, 2015 1:20:59 PM by Hibernate Tools 3.6.0 -->
<hibernate-mapping>
    <class name="com.gtl.mmf.entity.CustomerTransactionExecutionDetailsTb" table="customer_transaction_execution_details_tb" catalog="mmfdb">
        <id name="customerTransactionExecId" type="java.lang.Integer">
            <column name="customer_transaction_exec_id" />
            <generator class="identity" />
        </id>
        <many-to-one name="masterCustomerTb" class="com.gtl.mmf.entity.MasterCustomerTb" fetch="select">
            <column name="customer_id" not-null="true" />
        </many-to-one>
        <many-to-one name="portfolioTb" class="com.gtl.mmf.entity.PortfolioTb" fetch="select">
            <column name="portfolio_id" not-null="true" />
        </many-to-one>
        <property name="transId" type="long">
            <column name="trans_id" not-null="true" />
        </property>
        <property name="orderId" type="string">
            <column name="order_id" length="100" not-null="true" unique="true" />
        </property>
        <property name="securityCode" type="string">
            <column name="security_code" length="100" />
        </property>
        <property name="venueCode" type="string">
            <column name="venue_code" length="100" />
        </property>
        <property name="venueScriptCode" type="string">
            <column name="venue_script_code" length="100" />
        </property>
        <property name="securityUnits" type="big_decimal">
            <column name="security_units" precision="15" scale="4" not-null="true" />
        </property>
        <property name="securityPrice" type="big_decimal">
            <column name="security_price" precision="14" scale="4" />
        </property>
        <property name="orderDate" type="timestamp">
            <column name="order_date" length="19" not-null="true" />
        </property>
        <property name="omsUserid" type="string">
            <column name="oms_userid" length="50" not-null="true" />
        </property>
        <property name="buySell" type="string">
            <column name="buy_sell" length="50" not-null="true" />
        </property>
        <property name="processed" type="java.lang.Boolean">
            <column name="processed" default="false"/>
        </property>
    </class>
</hibernate-mapping>
