<?xml version="1.0"?>
<!DOCTYPE hibernate-mapping PUBLIC "-//Hibernate/Hibernate Mapping DTD 3.0//EN"
"http://www.hibernate.org/dtd/hibernate-mapping-3.0.dtd">
<!-- Generated 26 Aug, 2016 5:05:40 PM by Hibernate Tools 3.6.0 -->
<hibernate-mapping>
    <class name="com.gtl.mmf.entity.EcsPaymentStatusFileTb" table="ecs_payment_status_file_tb" catalog="mmfdb">
        <id name="id" type="java.lang.Integer">
            <column name="id" />
            <generator class="identity" />
        </id>
        <property name="regId" type="string">
            <column name="reg_id" length="20" not-null="true" />
        </property>
        <property name="debtAmountPaid" type="java.lang.Float">
            <column name="debt_amount_paid" precision="10" scale="4" />
        </property>
        <property name="dueDate" type="timestamp">
            <column name="due_date" length="19" not-null="true" />
        </property>
        <property name="debitRequestNmbr" type="java.lang.Integer">
            <column name="debit_request_nmbr" />
        </property>
        <property name="status" type="string">
            <column name="status" length="20" />
        </property>
        <property name="failureReason" type="string">
            <column name="failure_reason" length="100" />
        </property>
    </class>
</hibernate-mapping>
