<?xml version="1.0"?>
<!DOCTYPE hibernate-mapping PUBLIC "-//Hibernate/Hibernate Mapping DTD 3.0//EN"
"http://hibernate.sourceforge.net/hibernate-mapping-3.0.dtd">
<!-- Generated Mar 4, 2015 12:26:57 PM by Hibernate Tools 3.2.1.GA -->
<hibernate-mapping>
    <class name="com.gtl.mmf.entity.EcsRegistrationFiledataTb" table="ecs_registration_filedata_tb" catalog="mmfdb">
        <id name="id" type="java.lang.Integer">
            <column name="id" />
            <generator class="identity" />
        </id>
        <property name="ecsSendDate" type="timestamp">
            <column name="ecsSendDate" length="19" unique="true" />
        </property>
        <property name="fileContent" type="string">
            <column name="fileContent" length="500" not-null="true" />
        </property>
        <property name="fileName" type="string">
            <column name="fileName" length="500" not-null="true" />
        </property>
    </class>
</hibernate-mapping>
