<?xml version="1.0"?>
<!DOCTYPE hibernate-mapping PUBLIC "-//Hibernate/Hibernate Mapping DTD 3.0//EN"
"http://www.hibernate.org/dtd/hibernate-mapping-3.0.dtd">
<!-- Generated 23 Feb, 2016 4:14:14 PM by Hibernate Tools 3.6.0 -->
<hibernate-mapping>
    <class name="com.gtl.mmf.entity.ExchangeHolidayTb" table="exchange_holiday_tb" catalog="mmfdb">
        <id name="id" type="java.lang.Integer">
            <column name="id" />
            <generator class="identity" />
        </id>
        <property name="hdate" type="date">
            <column name="hdate" length="10" not-null="true" />
        </property>
        <property name="hevent" type="string">
            <column name="hevent" length="150" not-null="true" />
        </property>
    </class>
</hibernate-mapping>
