<?xml version="1.0"?>
<!DOCTYPE hibernate-mapping PUBLIC "-//Hibernate/Hibernate Mapping DTD 3.0//EN"
"http://hibernate.sourceforge.net/hibernate-mapping-3.0.dtd">
<!-- Generated Jul 19, 2016 12:35:20 AM by Hibernate Tools 3.4.0.CR1 -->
<hibernate-mapping>
    <class name="com.gtl.mmf.entity.FpMiscAssumptionsTb" table="fp_misc_assumptions_tb" catalog="mmfdb">
        <id name="id" type="java.lang.Integer">
            <column name="id" />
            <generator class="identity" />
        </id>
        <property name="assumptionId" type="java.lang.Integer">
            <column name="assumption_id" />
        </property>
        <property name="customerId" type="string">
            <column name="customer_id" length="50" />
        </property>
        <property name="retirementAge" type="java.lang.Integer">
            <column name="retirement_age" />
        </property>
        <property name="lifeExpectancy" type="java.lang.Integer">
            <column name="life_expectancy" />
        </property>
        <property name="amountInvestedToMmf" type="java.lang.Float">
            <column name="amount_invested_to_MMF" precision="12" scale="0" />
        </property>
        <property name="rateOfGrowthOfFd" type="java.lang.Float">
            <column name="rate_of_growth_of_FD" precision="12" scale="0" />
        </property>
        <property name="longTermInflationExpectation" type="java.lang.Float">
            <column name="long_term_inflation_expectation" precision="12" scale="0" />
        </property>
        <property name="postRetirementRecurringExpense" type="java.lang.Float">
            <column name="post_retirement_recurring_expense" precision="12" scale="0" />
        </property>
    </class>
</hibernate-mapping>
