<?xml version="1.0"?>
<!DOCTYPE hibernate-mapping PUBLIC "-//Hibernate/Hibernate Mapping DTD 3.0//EN"
"http://hibernate.sourceforge.net/hibernate-mapping-3.0.dtd">
<!-- Generated Jul 15, 2016 5:29:20 PM by Hibernate Tools 3.4.0.CR1 -->
<hibernate-mapping>
    <class name="com.gtl.mmf.entity.FpPortfolioReturnsMasterTb" table="fp_portfolio_returns_master_tb" catalog="mmfdb">
        <id name="portfolioReturnsReferenceId" type="java.lang.Integer">
            <column name="portfolio_returns_reference_id" />
            <generator class="identity" />
        </id>
        <property name="portfolioType" type="string">
            <column name="portfolio_type" length="30" />
        </property>
        <property name="averageReturns" type="java.lang.Float">
            <column name="average_returns" precision="12" scale="0" />
        </property>
        <property name="standardDeviation" type="java.lang.Float">
            <column name="standard_deviation" precision="12" scale="0" />
        </property>
    </class>
</hibernate-mapping>
