<?xml version="1.0"?>
<!DOCTYPE hibernate-mapping PUBLIC "-//Hibernate/Hibernate Mapping DTD 3.0//EN"
"http://www.hibernate.org/dtd/hibernate-mapping-3.0.dtd">
<!-- Generated 28 Apr, 2016 2:16:44 PM by Hibernate Tools 3.6.0 -->
<hibernate-mapping>
    <class name="com.gtl.mmf.entity.IfcMicrMappingTb" table="ifc_micr_mapping_tb" catalog="mmfdb">
        <id name="id" type="java.lang.Integer">
            <column name="id" />
            <generator class="identity" />
        </id>
        <property name="bank" type="string">
            <column name="bank" length="100" />
        </property>
        <property name="ifsc" type="string">
            <column name="ifsc" length="20" not-null="true" unique="true" />
        </property>
        <property name="micr" type="string">
            <column name="micr" length="10" not-null="true" />
        </property>
        <property name="branch" type="string">
            <column name="branch" length="50"  />
        </property>
        <property name="address" type="string">
            <column name="address" length="200"  />
        </property>
        <property name="contact" type="string">
            <column name="contact" length="20"  />
        </property>
        <property name="city" type="string">
            <column name="city" length="20"  />
        </property>
        <property name="district" type="string">
            <column name="district" length="200"  />
        </property>
        <property name="state" type="string">
            <column name="state" length="200"  />
        </property>
        
    </class>
</hibernate-mapping>
