<?xml version="1.0"?>
<!DOCTYPE hibernate-mapping PUBLIC "-//Hibernate/Hibernate Mapping DTD 3.0//EN"
"http://www.hibernate.org/dtd/hibernate-mapping-3.0.dtd">
<!-- Generated Oct 22, 2014 3:04:47 PM by Hibernate Tools 3.6.0 -->
<hibernate-mapping>
    <class name="com.gtl.mmf.entity.IndexNseTb" table="index_nse_tb" catalog="mmfdb">
        <id name="id" type="java.lang.Integer">
            <column name="id" />
            <generator class="identity" />
        </id>
        <property name="symbol" type="string">
            <column name="symbol" length="100" />
        </property>
        <property name="isin" type="string">
            <column name="isin" length="20" />
        </property>
    </class>
</hibernate-mapping>
