<?xml version="1.0"?>
<!DOCTYPE hibernate-mapping PUBLIC "-//Hibernate/Hibernate Mapping DTD 3.0//EN"
"http://www.hibernate.org/dtd/hibernate-mapping-3.0.dtd">
<!-- Generated 14 Nov, 2015 10:56:58 AM by Hibernate Tools 3.6.0 -->
<hibernate-mapping>
    <class name="com.gtl.mmf.entity.InvProofFileDetailsTb" table="inv_proof_file_details_tb" catalog="mmfdb">
        <id name="id" type="java.lang.Integer">
            <column name="id" />
            <generator class="identity" />
        </id>
        
        <property name="email" type="string">
            <column name="email" length="100" unique="true" />
        </property>

        <property name="bankFilePath" type="string">
            <column name="bankFilePath" length="100" />
        </property>
    </class>
</hibernate-mapping>
