<?xml version="1.0"?>
<!DOCTYPE hibernate-mapping PUBLIC "-//Hibernate/Hibernate Mapping DTD 3.0//EN"
"http://www.hibernate.org/dtd/hibernate-mapping-3.0.dtd">
<!-- Generated 23 Sep, 2014 11:11:14 AM by Hibernate Tools 3.6.0 -->
<hibernate-mapping>
    <class name="com.gtl.mmf.entity.JobScheduleTb" table="job_schedule_tb" catalog="mmfdb">
        <id name="id" type="java.lang.Integer">
            <column name="id" />
            <generator class="identity" />
        </id>
        <property name="jobType" type="string">
            <column name="job_type" length="45" not-null="true" />
        </property>
        <property name="status" type="string">
            <column name="status" length="45" not-null="true" />
        </property>
        <property name="scheduledate" type="timestamp">
            <column name="scheduledate" length="19" not-null="true" />
        </property>
        <property name="lastupdatedon" type="timestamp">
            <column name="lastupdatedon" length="19" not-null="true" />
        </property>
    </class>
</hibernate-mapping>
