<?xml version="1.0"?>
<!DOCTYPE hibernate-mapping PUBLIC "-//Hibernate/Hibernate Mapping DTD 3.0//EN"
"http://www.hibernate.org/dtd/hibernate-mapping-3.0.dtd">
<!-- Generated 29 Apr, 2014 6:55:45 PM by Hibernate Tools 3.6.0 -->
<hibernate-mapping>
    <class name="com.gtl.mmf.entity.MasterAssetTb" table="master_asset_tb" catalog="mmfdb">
        <id name="id" type="java.lang.Short">
            <column name="id" />
            <generator class="identity" />
        </id>
        <property name="assetName" type="string">
            <column name="asset_name" length="30" not-null="true" />
        </property>
        <property name="assetColor" type="string">
            <column name="asset_color" length="20" />
        </property>
        <property name="assetOrder" type="java.lang.Short">
            <column name="asset_order" length="6" not-null="true"/>
        </property>
        <set name="portfolioSecuritiesTbs" table="portfolio_securities_tb" inverse="true" lazy="true" fetch="select">
            <key>
                <column name="asset_class_id" not-null="true" />
            </key>
            <one-to-many class="com.gtl.mmf.entity.PortfolioSecuritiesTb" />
        </set>
        <set name="portfolioDetailsTbs" table="portfolio_details_tb" inverse="true" lazy="true" fetch="select">
            <key>
                <column name="asset_class_id" not-null="true" />
            </key>
            <one-to-many class="com.gtl.mmf.entity.PortfolioDetailsTb" />
        </set>
    </class>
</hibernate-mapping>
