<?xml version="1.0"?>
<!DOCTYPE hibernate-mapping PUBLIC "-//Hibernate/Hibernate Mapping DTD 3.0//EN"
"http://www.hibernate.org/dtd/hibernate-mapping-3.0.dtd">
<!-- Generated 23 Sep, 2014 11:11:14 AM by Hibernate Tools 3.6.0 -->
<hibernate-mapping>
    <class name="com.gtl.mmf.entity.MmfDailyClientBalanceTb" table="mmf_daily_client_balance_tb" catalog="mmfdb">
        <id name="id" type="java.lang.Integer">
            <column name="id" />
            <generator class="identity" />
        </id>
        <property name="trndate" type="timestamp">
            <column name="trndate" length="19" />
        </property>
        <property name="tradecode" type="string">
            <column name="tradecode" length="16" />
        </property>
        <property name="ledgerbalanec" type="big_decimal">
            <column name="ledgerbalanec" precision="15" />
        </property>
        <property name="euser" type="string">
            <column name="euser" length="16" />
        </property>
        <property name="lastupdatedon" type="timestamp">
            <column name="lastupdatedon" length="19" />
        </property>
    </class>
</hibernate-mapping>
