<?xml version="1.0"?>
<!DOCTYPE hibernate-mapping PUBLIC "-//Hibernate/Hibernate Mapping DTD 3.0//EN"
"http://hibernate.sourceforge.net/hibernate-mapping-3.0.dtd">
<!-- Generated Dec 22, 2014 4:17:27 PM by Hibernate Tools 3.2.1.GA -->
<hibernate-mapping>
    <class name="com.gtl.mmf.entity.OccupationTb" table="occupation_tb" catalog="mmfdb">
        <id name="id" type="int">
            <column name="id" />
            <generator class="assigned" />
        </id>
        <property name="key" type="java.lang.Integer">
            <column name="key" />
        </property>
        <property name="occupation" type="string">
            <column name="occupation" length="100" />
        </property>
    </class>
</hibernate-mapping>
