<?xml version="1.0"?>
<!DOCTYPE hibernate-mapping PUBLIC "-//Hibernate/Hibernate Mapping DTD 3.0//EN"
"http://hibernate.sourceforge.net/hibernate-mapping-3.0.dtd">
<!-- Generated May 14, 2014 4:37:58 PM by Hibernate Tools 3.2.1.GA -->
<hibernate-mapping>
    <class name="com.gtl.mmf.entity.PortfolioAuditTb" table="portfolio_audit_tb" catalog="mmfdb">
        <id name="portfolioAuditId" type="java.lang.Integer">
            <column name="portfolio_audit_id" />
            <generator class="identity" />
        </id>
        <property name="portfolioId" type="java.lang.Integer">
            <column name="portfolio_id" />
        </property>
        <property name="advisorId" type="int">
            <column name="advisor_id" not-null="true" />
        </property>
        <property name="portfolioName" type="string">
            <column name="portfolio_name" length="100" />
        </property>
        <property name="benchmark" type="java.lang.Integer">
            <column name="benchmark" />
        </property>
        <property name="portfolioStyle" type="java.lang.Integer">
            <column name="portfolio_style" />
        </property>
        <property name="stdDev" type="big_decimal">
            <column name="std_dev" precision="5" />
        </property>
        <property name="sharpeRatio" type="java.lang.Integer">
            <column name="sharpe_ratio" />
        </property>
        <property name="expReturns" type="big_decimal">
            <column name="exp_returns" precision="5" />
        </property>
        <property name="alpha" type="big_decimal">
            <column name="alpha" precision="5" />
        </property>
        <property name="beta" type="big_decimal">
            <column name="beta" precision="5" />
        </property>
        <property name="infoRatio" type="big_decimal">
            <column name="info_ratio" precision="5" />
        </property>
        <property name="RSquared" type="java.lang.Byte">
            <column name="r_squared" />
        </property>
        <property name="vaR" type="big_decimal">
            <column name="VaR" precision="12" />
        </property>
        <property name="portfolio90DayReturns" type="big_decimal">
            <column name="portfolio_90_day_returns" precision="5" />
        </property>
        <property name="portfolio1YearReturns" type="big_decimal">
            <column name="`portfolio_1_year returns`" precision="5" />
        </property>
        <property name="benchmark90DaysReturns" type="big_decimal">
            <column name="benchmark_90_days_returns" precision="5" />
        </property>
        <property name="benchmark1YearReturns" type="big_decimal">
            <column name="benchmark_1_year_returns" precision="5" />
        </property>
        <property name="noOfCustomersAssigned" type="java.lang.Integer">
            <column name="no_of_customers_assigned" />
        </property>
        <property name="rebalanceRequired" type="java.lang.Boolean">
            <column name="rebalance_required" />
        </property>
        <property name="rebalanceReqdDate" type="timestamp">
            <column name="rebalance_reqd_date" length="19" />
        </property>
        <property name="lastUpdated" type="timestamp">
            <column name="last_updated" length="19" />
        </property>
        <property name="dateCreated" type="timestamp">
            <column name="date_created" length="19" />
        </property>
        <property name="startCurrentPeriod" type="timestamp">
            <column name="start_current_period" length="19" />
        </property>
        <property name="status" type="java.lang.Boolean">
            <column name="status" />
        </property>
        <property name="portfolioValue" type="big_decimal">
            <column name="portfolio_value" precision="12" />
        </property>
        <property name="lastUpdateon" type="timestamp">
            <column name="last_updateon" length="19" />
        </property>
        <property name="actvityType" type="string">
            <column name="actvity_type" length="200" />
        </property>
        <set name="portfolioDetailsAuditTbs" inverse="true">
            <key>
                <column name="portfolio_audit_id" />
            </key>
            <one-to-many class="com.gtl.mmf.entity.PortfolioDetailsAuditTb" />
        </set>
    </class>
</hibernate-mapping>
