<?xml version="1.0"?>
<!DOCTYPE hibernate-mapping PUBLIC "-//Hibernate/Hibernate Mapping DTD 3.0//EN"
"http://www.hibernate.org/dtd/hibernate-mapping-3.0.dtd">
<!-- Generated 5 Dec, 2015 1:20:59 PM by Hibernate Tools 3.6.0 -->
<hibernate-mapping>
    <class name="com.gtl.mmf.entity.PortfolioSecuritiesTb" table="portfolio_securities_tb" catalog="mmfdb">
        <id name="portfolioSecuritiesId" type="java.lang.Integer">
            <column name="portfolio_securities_id" />
            <generator class="identity" />
        </id>
        <many-to-one name="portfolioDetailsTb" class="com.gtl.mmf.entity.PortfolioDetailsTb" fetch="select">
            <column name="portfolio_details_id" not-null="true" />
        </many-to-one>
        <many-to-one name="masterAssetTb" class="com.gtl.mmf.entity.MasterAssetTb" fetch="select">
            <column name="asset_class_id" not-null="true" />
        </many-to-one>
        <many-to-one name="portfolioTb" class="com.gtl.mmf.entity.PortfolioTb" fetch="select">
            <column name="portfolio_id" not-null="true" />
        </many-to-one>
        <property name="securityId" type="string">
            <column name="security_id" length="300" />
        </property>
        <property name="expReturns" type="big_decimal">
            <column name="exp_returns" precision="5" />
        </property>
        <property name="stdDev" type="big_decimal">
            <column name="std_dev" precision="5" />
        </property>
        <property name="newWeight" type="big_decimal">
            <column name="new_weight" precision="5" />
        </property>
        <property name="currentPrice" type="big_decimal">
            <column name="current_price" precision="12" scale="4"/>
        </property>
        <property name="newToleranceNegativeRange" type="java.lang.Integer">
            <column name="new_tolerance_negative_range" />
        </property>
        <property name="newTolerancePositiveRange" type="java.lang.Integer">
            <column name="new_tolerance_positive_range" />
        </property>
        <property name="newUnits" type="java.lang.Integer">
            <column name="new_units" />
        </property>
        <property name="currentValue" type="big_decimal">
            <column name="current_value" precision="12" />
        </property>
        <property name="currentWeight" type="big_decimal">
            <column name="current_weight" precision="5" />
        </property>
        <property name="initialWeight" type="big_decimal">
            <column name="initial_weight" precision="5" />
        </property>
        <property name="recommentedPrice" type="java.lang.Float">
            <column name="recommented_price" precision="14" scale="4" />
        </property>
        <property name="initialToleranceNegativeRange" type="java.lang.Integer">
            <column name="initial_tolerance_negative_range" />
        </property>
        <property name="initialTolerancePositiveRange" type="java.lang.Integer">
            <column name="initial_tolerance_positive_range" />
        </property>
        <property name="exeUnits" type="big_decimal">
            <column name="exe_units" precision="11" />
        </property>
        <property name="initialValue" type="big_decimal">
            <column name="initial_value" precision="12" />
        </property>
        <property name="rebalanceRequired" type="java.lang.Boolean">
            <column name="rebalance_required" />
        </property>
        <property name="rebalanceReqdDate" type="timestamp">
            <column name="rebalance_reqd_date" length="19" />
        </property>
        <property name="newAllocation" type="big_decimal">
            <column name="new_allocation" precision="5" />
        </property>
        <property name="securityDescription" type="string">
            <column name="security_description" length="100" />
        </property>
        <property name="venueScriptCode" type="string">
            <column name="venue_script_code" length="100" />
        </property>
        <property name="venueCode" type="string">
            <column name="venue_code" length="100" />
        </property>
        <property name="securityCode" type="string">
            <column name="security_code" length="50" />
        </property>
        <property name="status" type="java.lang.Boolean">
            <column name="status" />
        </property>
        <property name="instrumentType" type="string">
            <column name="instrument_type" length="50" />
        </property>
        <property name="expirationDate" type="timestamp">
            <column name="expiration_date" length="19" />
        </property>
        <property name="strikePrice" type="big_decimal">
            <column name="strike_price" precision="12" />
        </property>
        <property name="yesterDayUnitCount" type="big_decimal">
            <column name="yesterDayUnitCount" precision="11" />
        </property>
        <set name="customerTransactionOrderDetailsTbs" table="customer_transaction_order_details_tb" inverse="true" lazy="true" fetch="select">
            <key>
                <column name="portfolio_securities_id" not-null="true" />
            </key>
            <one-to-many class="com.gtl.mmf.entity.CustomerTransactionOrderDetailsTb" />
        </set>
        <set name="recomendedCustomerPortfolioSecuritiesTbs" table="recomended_customer_portfolio_securities_tb" inverse="true" lazy="true" fetch="select">
            <key>
                <column name="portfolio_securities_id" not-null="true" />
            </key>
            <one-to-many class="com.gtl.mmf.entity.RecomendedCustomerPortfolioSecuritiesTb" />
        </set>
        <set name="customerPortfolioSecuritiesTbs" table="customer_portfolio_securities_tb" inverse="true" lazy="true" fetch="select">
            <key>
                <column name="portfolio_securities_id" not-null="true" />
            </key>
            <one-to-many class="com.gtl.mmf.entity.CustomerPortfolioSecuritiesTb" />
        </set>
        <set name="portfolioSecuritiesPerformanceTbs" table="portfolio_securities_performance_tb" inverse="true" lazy="true" fetch="select">
            <key>
                <column name="portfolio_securities_id" not-null="true" />
            </key>
            <one-to-many class="com.gtl.mmf.entity.PortfolioSecuritiesPerformanceTb" />
        </set>
    </class>
</hibernate-mapping>
