<?xml version="1.0"?>
<!DOCTYPE hibernate-mapping PUBLIC "-//Hibernate/Hibernate Mapping DTD 3.0//EN"
"http://www.hibernate.org/dtd/hibernate-mapping-3.0.dtd">
<!-- Generated Oct 12, 2016 5:40:28 PM by Hibernate Tools 4.3.1 -->
<hibernate-mapping>
    <class name="com.gtl.mmf.entity.PortfolioTb" table="portfolio_tb" catalog="mmfdb" optimistic-lock="version">
        <id name="portfolioId" type="java.lang.Integer">
            <column name="portfolio_id" />
            <generator class="identity" />
        </id>
        <many-to-one name="masterAdvisorTb" class="com.gtl.mmf.entity.MasterAdvisorTb" fetch="select">
            <column name="advisor_id" not-null="true" />
        </many-to-one>
        <many-to-one name="masterBenchmarkIndexTb" class="com.gtl.mmf.entity.MasterBenchmarkIndexTb" fetch="select">
            <column name="benchmark" />
        </many-to-one>
        <many-to-one name="masterPortfolioTypeTb" class="com.gtl.mmf.entity.MasterPortfolioTypeTb" fetch="select">
            <column name="portfolio_type" />
        </many-to-one>
        <property name="portfolioName" type="string">
            <column name="portfolio_name" length="100" />
        </property>
        <property name="stdDev" type="big_decimal">
            <column name="std_dev" precision="5" />
        </property>
        <property name="sharpeRatio" type="java.lang.Integer">
            <column name="sharpe_ratio" />
        </property>
        <property name="expReturns" type="big_decimal">
            <column name="exp_returns" precision="5" />
        </property>
        <property name="alpha" type="big_decimal">
            <column name="alpha" precision="5" />
        </property>
        <property name="beta" type="big_decimal">
            <column name="beta" precision="5" />
        </property>
        <property name="infoRatio" type="big_decimal">
            <column name="info_ratio" precision="5" />
        </property>
        <property name="RSquared" type="java.lang.Byte">
            <column name="r_squared" />
        </property>
        <property name="vaR" type="big_decimal">
            <column name="VaR" precision="12" />
        </property>
        <property name="portfolio90DayReturns" type="big_decimal">
            <column name="portfolio_90_day_returns" precision="5" />
        </property>
        <property name="portfolio1YearReturns" type="big_decimal">
            <column name="portfolio_1_year_returns" precision="5" />
        </property>
        <property name="benchmark90DaysReturns" type="big_decimal">
            <column name="benchmark_90_days_returns" precision="5" />
        </property>
        <property name="benchmark1YearReturns" type="big_decimal">
            <column name="benchmark_1_year_returns" precision="5" />
        </property>
        <property name="noOfCustomersAssigned" type="java.lang.Integer">
            <column name="no_of_customers_assigned" />
        </property>
        <property name="rebalanceRequired" type="java.lang.Boolean">
            <column name="rebalance_required" />
        </property>
        <property name="rebalanceReqdDate" type="timestamp">
            <column name="rebalance_reqd_date" length="19" />
        </property>
        <property name="lastUpdated" type="timestamp">
            <column name="last_updated" length="19" />
        </property>
        <property name="dateCreated" type="timestamp">
            <column name="date_created" length="19" />
        </property>
        <property name="startCurrentPeriod" type="timestamp">
            <column name="start_current_period" length="19" />
        </property>
        <property name="status" type="java.lang.Boolean">
            <column name="status" />
        </property>
        <property name="portfolioValue" type="big_decimal">
            <column name="portfolio_value" precision="12" />
        </property>
        <property name="rebalanceViewed" type="java.lang.Boolean">
            <column name="rebalanceViewed" />
        </property>
        <property name="balanceCash" type="java.lang.Double">
            <column name="balance_cash" precision="11" />
        </property>
        <property name="portfolio5DayReturn" type="big_decimal">
            <column name="portfolio_5_day_return" precision="5" />
        </property>
        <property name="portfolio1MonthReturn" type="big_decimal">
            <column name="portfolio_1_month_return" precision="5" />
        </property>
        <property name="portfolio5YearReturn" type="big_decimal">
            <column name="portfolio_5_year_return" precision="5" />
        </property>
        <property name="portfolio10YearReturn" type="big_decimal">
            <column name="portfolio_10_year_return" precision="5" />
        </property>
        <property name="portfolio6MonthReturn" type="big_decimal">
            <column name="portfolio_6_month_return" precision="5" />
        </property>
        <property name="portflioYtdReturn" type="big_decimal">
            <column name="portflio_ytd_return" precision="5" />
        </property>
        <property name="sinceInception" type="big_decimal">
            <column name="since_inception" precision="5" />
        </property>
        <set name="portfolioSecuritiesTbs" table="portfolio_securities_tb" inverse="true" lazy="true" fetch="select">
            <key>
                <column name="portfolio_id" not-null="true" />
            </key>
            <one-to-many class="com.gtl.mmf.entity.PortfolioSecuritiesTb" />
        </set>
        <set name="portfolioDetailsTbs" table="portfolio_details_tb" inverse="true" lazy="true" fetch="select">
            <key>
                <column name="portfolio_id" not-null="true" />
            </key>
            <one-to-many class="com.gtl.mmf.entity.PortfolioDetailsTb" />
        </set>
        <set name="customerPortfolioSecuritiesTbs" table="customer_portfolio_securities_tb" inverse="true" lazy="true" fetch="select">
            <key>
                <column name="portfolio_id" not-null="true" />
            </key>
            <one-to-many class="com.gtl.mmf.entity.CustomerPortfolioSecuritiesTb" />
        </set>
        <set name="customerDailyCashBalanceTbs" table="customer_daily_cash_balance_tb" inverse="true" lazy="true" fetch="select">
            <key>
                <column name="portfolio_id" not-null="true" />
            </key>
            <one-to-many class="com.gtl.mmf.entity.CustomerDailyCashBalanceTb" />
        </set>
        <set name="customerTransactionOrderDetailsTbs" table="customer_transaction_order_details_tb" inverse="true" lazy="true" fetch="select">
            <key>
                <column name="portfolio_id" not-null="true" />
            </key>
            <one-to-many class="com.gtl.mmf.entity.CustomerTransactionOrderDetailsTb" />
        </set>
        <set name="customerPortfolioDetailsTbs" table="customer_portfolio_details_tb" inverse="true" lazy="true" fetch="select">
            <key>
                <column name="portfolio_id" not-null="true" />
            </key>
            <one-to-many class="com.gtl.mmf.entity.CustomerPortfolioDetailsTb" />
        </set>
        <set name="portfolioSecuritiesPerformanceTbs" table="portfolio_securities_performance_tb" inverse="true" lazy="true" fetch="select">
            <key>
                <column name="portfolio_id" not-null="true" />
            </key>
            <one-to-many class="com.gtl.mmf.entity.PortfolioSecuritiesPerformanceTb" />
        </set>
        <set name="recomendedCustomerPortfolioSecuritiesTbs" table="recomended_customer_portfolio_securities_tb" inverse="true" lazy="true" fetch="select">
            <key>
                <column name="portfolio_id" not-null="true" />
            </key>
            <one-to-many class="com.gtl.mmf.entity.RecomendedCustomerPortfolioSecuritiesTb" />
        </set>
        <set name="portfolioDetailsPerformanceTbs" table="portfolio_details_performance_tb" inverse="true" lazy="true" fetch="select">
            <key>
                <column name="portfolio_id" not-null="true" />
            </key>
            <one-to-many class="com.gtl.mmf.entity.PortfolioDetailsPerformanceTb" />
        </set>
        <set name="customerPortfolioTbs" table="customer_portfolio_tb" inverse="true" lazy="true" fetch="select">
            <key>
                <column name="portfolio_id" not-null="true" />
            </key>
            <one-to-many class="com.gtl.mmf.entity.CustomerPortfolioTb" />
        </set>
        <set name="portfolioPerformanceTbs" table="portfolio_performance_tb" inverse="true" lazy="true" fetch="select">
            <key>
                <column name="portfolio_id" not-null="true" />
            </key>
            <one-to-many class="com.gtl.mmf.entity.PortfolioPerformanceTb" />
        </set>
        <set name="customerTransactionExecutionDetailsTbs" table="customer_transaction_execution_details_tb" inverse="true" lazy="true" fetch="select">
            <key>
                <column name="portfolio_id" not-null="true" />
            </key>
            <one-to-many class="com.gtl.mmf.entity.CustomerTransactionExecutionDetailsTb" />
        </set>
    </class>
</hibernate-mapping>
