<?xml version="1.0"?>
<!DOCTYPE hibernate-mapping PUBLIC "-//Hibernate/Hibernate Mapping DTD 3.0//EN"
"http://www.hibernate.org/dtd/hibernate-mapping-3.0.dtd">
<!-- Generated 5 Dec, 2015 1:20:59 PM by Hibernate Tools 3.6.0 -->
<hibernate-mapping>
    <class name="com.gtl.mmf.entity.PortfolioSecuritiesAuditTb" table="portfolio_securities_audit_tb" catalog="mmfdb">
        <id name="portfolioSecuritiesAuditId" type="java.lang.Integer">
            <column name="portfolio_securities_audit_id" />
            <generator class="identity" />
        </id>
        <many-to-one name="portfolioDetailsAuditTb" class="com.gtl.mmf.entity.PortfolioDetailsAuditTb" fetch="select">
            <column name="portfolio_details_audit_id" />
        </many-to-one>
        <property name="portfolioSecuritiesId" type="java.lang.Integer">
            <column name="portfolio_securities_id" />
        </property>
        <property name="portfolioId" type="int">
            <column name="portfolio_id" not-null="true" />
        </property>
        <property name="portfolioDetailsId" type="int">
            <column name="portfolio_details_id" not-null="true" />
        </property>
        <property name="assetClassId" type="short">
            <column name="asset_class_id" not-null="true" />
        </property>
        <property name="securityId" type="string">
            <column name="security_id" length="300" />
        </property>
        <property name="expReturns" type="big_decimal">
            <column name="exp_returns" precision="5" />
        </property>
        <property name="stdDev" type="big_decimal">
            <column name="std_dev" precision="5" />
        </property>
        <property name="newWeight" type="big_decimal">
            <column name="new_weight" precision="5" />
        </property>
        <property name="currentPrice" type="big_decimal">
            <column name="current_price" precision="8" />
        </property>
        <property name="newToleranceNegativeRange" type="java.lang.Integer">
            <column name="new_tolerance_negative_range" />
        </property>
        <property name="newTolerancePositiveRange" type="java.lang.Integer">
            <column name="new_tolerance_positive_range" />
        </property>
        <property name="newUnits" type="java.lang.Integer">
            <column name="new_units" />
        </property>
        <property name="currentValue" type="big_decimal">
            <column name="current_value" precision="12" />
        </property>
        <property name="currentWeight" type="big_decimal">
            <column name="current_weight" precision="5" />
        </property>
        <property name="initialWeight" type="big_decimal">
            <column name="initial_weight" precision="5" />
        </property>
        <property name="initialPrice" type="big_decimal">
            <column name="initial_price" precision="8" />
        </property>
        <property name="initialToleranceNegativeRange" type="java.lang.Integer">
            <column name="initial_tolerance_negative_range" />
        </property>
        <property name="initialTolerancePositiveRange" type="java.lang.Integer">
            <column name="initial_tolerance_positive_range" />
        </property>
        <property name="initialUnits" type="big_decimal">
            <column name="initial_units" precision="11" />
        </property>
        <property name="initialValue" type="big_decimal">
            <column name="initial_value" precision="12" />
        </property>
        <property name="rebalanceRequired" type="java.lang.Boolean">
            <column name="rebalance_required" />
        </property>
        <property name="rebalanceReqdDate" type="timestamp">
            <column name="rebalance_reqd_date" length="19" />
        </property>
        <property name="newAllocation" type="big_decimal">
            <column name="new_allocation" precision="5" />
        </property>
        <property name="securityDescription" type="string">
            <column name="security_description" length="100" />
        </property>
        <property name="lastUpdateon" type="timestamp">
            <column name="last_updateon" length="19" />
        </property>
        <property name="activityType" type="string">
            <column name="activity_type" length="200" />
        </property>
    </class>
</hibernate-mapping>
