<?xml version="1.0"?>
<!DOCTYPE hibernate-mapping PUBLIC "-//Hibernate/Hibernate Mapping DTD 3.0//EN"
"http://www.hibernate.org/dtd/hibernate-mapping-3.0.dtd">
<!-- Generated 3 Apr, 2014 10:04:19 AM by Hibernate Tools 3.6.0 -->
<hibernate-mapping>
    <class name="com.gtl.mmf.entity.QuestionoptionsmasterTb" table="questionoptionsmaster_tb" catalog="mmfdb">
        <id name="id" type="java.lang.Integer">
            <column name="id" />
            <generator class="identity" />
        </id>
        <property name="QOption" type="string">
            <column name="q_option" length="100" not-null="true" />
        </property>
        <property name="QOptionvalue" type="int">
            <column name="q_optionvalue" not-null="true" />
        </property>
    </class>
</hibernate-mapping>
