<?xml version="1.0"?>
<!DOCTYPE hibernate-mapping PUBLIC "-//Hibernate/Hibernate Mapping DTD 3.0//EN"
"http://www.hibernate.org/dtd/hibernate-mapping-3.0.dtd">
<!-- Generated 9 Oct, 2014 2:23:29 PM by Hibernate Tools 3.6.0 -->
<hibernate-mapping>
    <class name="com.gtl.mmf.entity.QuestionmasterTb" table="questionmaster_tb" catalog="mmfdb">
        <id name="id" type="java.lang.Integer">
            <column name="id" />
            <generator class="identity" />
        </id>
        <property name="question" type="string">
            <column name="question" length="2000" not-null="true" />
        </property>
        <property name="imgPath" type="string">
            <column name="img_path" length="250" />
        </property>
        <set name="customerQuestionResponseSetTbs" table="customer_question_response_set_tb" inverse="true" lazy="true" fetch="select">
            <key>
                <column name="question_id" not-null="true" />
            </key>
            <one-to-many class="com.gtl.mmf.entity.CustomerQuestionResponseSetTb" />
        </set>
        <set name="questionOptionMappingTbs" table="question_option_mapping_tb" inverse="true" lazy="true" fetch="select">
            <key>
                <column name="questionid" not-null="true" unique="true" />
            </key>
            <one-to-many class="com.gtl.mmf.entity.QuestionOptionMappingTb" />
        </set>
    </class>
</hibernate-mapping>
