<?xml version="1.0"?>
<!DOCTYPE hibernate-mapping PUBLIC "-//Hibernate/Hibernate Mapping DTD 3.0//EN"
"http://hibernate.sourceforge.net/hibernate-mapping-3.0.dtd">
<!-- Generated Jan 13, 2015 2:14:56 PM by Hibernate Tools 3.2.1.GA -->
<hibernate-mapping>
    <class name="com.gtl.mmf.entity.RecomendedCustomerPortfolioPerformanceTb" table="recomended_customer_portfolio_performance_tb" catalog="mmfdb">
        <id name="customerPortfolioAllocationId" type="java.lang.Integer">
            <column name="customer_portfolio_allocation_id" />
            <generator class="identity" />
        </id>
        <many-to-one name="customerPortfolioTb" class="com.gtl.mmf.entity.CustomerPortfolioTb" fetch="select">
            <column name="customer_portfolio_id" not-null="true" />
        </many-to-one>
        <property name="datetime" type="timestamp">
            <column name="datetime" length="19" not-null="true" />
        </property>
        <property name="closingValue" type="big_decimal">
            <column name="closing_value" precision="12" not-null="true" />
        </property>
        <property name="marketValue" type="big_decimal">
            <column name="market_value" precision="12" />
        </property>
        <property name="cashFlow" type="big_decimal">
            <column name="cash_flow" precision="12" />
        </property>
        <property name="marketValueAfterCashFlow" type="big_decimal">
            <column name="market_value_after_cash_flow" precision="12" />
        </property>
        <property name="subPeriodReturn" type="big_decimal">
            <column name="sub_period_return" precision="7" />
        </property>
    </class>
</hibernate-mapping>
