<?xml version="1.0"?>
<!DOCTYPE hibernate-mapping PUBLIC "-//Hibernate/Hibernate Mapping DTD 3.0//EN"
"http://hibernate.sourceforge.net/hibernate-mapping-3.0.dtd">
<!-- Generated Jul 1, 2016 3:55:39 PM by Hibernate Tools 3.4.0.CR1 -->
<hibernate-mapping>
    <class name="com.gtl.mmf.entity.RiskProfileGroupDescriptionMasterTb" table="risk_profile_group_description_master_tb" catalog="mmfdb">
        <id name="riskProfileGroupId" type="java.lang.Integer">
            <column name="risk_profile_group_id" />
            <generator class="identity" />
        </id>
        <property name="riskProfileGroupName" type="string">
            <column name="risk_profile_group_name" length="30" />
        </property>
        <property name="groupScoreLowerLimit" type="java.lang.Float">
            <column name="group_score_lower_limit" precision="12" scale="0" />
        </property>
        <property name="groupScoreUpperLimit" type="java.lang.Float">
            <column name="group_score_upper_limit" precision="12" scale="0" />
        </property>
        <property name="riskProfileRecommendedPortfolioId" type="java.lang.Integer">
            <column name="risk_profile_recommended_portfolio_id" />
        </property>
        <property name="riskProfileDescription" type="string">
            <column name="risk_profile_description" length="5000" />
        </property>
    </class>
</hibernate-mapping>
