<?xml version="1.0"?>
<!DOCTYPE hibernate-mapping PUBLIC "-//Hibernate/Hibernate Mapping DTD 3.0//EN"
"http://hibernate.sourceforge.net/hibernate-mapping-3.0.dtd">
<!-- Generated Feb 4, 2015 12:01:04 PM by Hibernate Tools 3.2.1.GA -->
<hibernate-mapping>
    <class name="com.gtl.mmf.entity.StateTb" table="state_tb" catalog="mmfdb">
        <id name="id" type="java.lang.Integer">
            <column name="ID" />
            <generator class="identity" />
        </id>
        <property name="stateName" type="string">
            <column name="stateName" length="50" not-null="true" />
        </property>
        <property name="stateCode" type="string">
            <column name="stateCode" length="6" not-null="true" />
        </property>
    </class>
</hibernate-mapping>
