<?xml version="1.0"?>
<!DOCTYPE hibernate-mapping PUBLIC "-//Hibernate/Hibernate Mapping DTD 3.0//EN"
"http://hibernate.sourceforge.net/hibernate-mapping-3.0.dtd">
<!-- Generated Mar 6, 2014 10:30:50 AM by Hibernate Tools 3.2.1.GA -->
<hibernate-mapping>
    <class name="com.gtl.mmf.entity.SysConfParamTb" table="sys_conf_param_tb" catalog="mmfdb">
        <id name="id" type="java.lang.Integer">
            <column name="id" />
            <generator class="identity" />
        </id>
        <property name="name" type="string">
            <column name="name" length="20" unique="true" />
        </property>
        <property name="value" type="string">
            <column name="value" length="20" />
        </property>
        <property name="description" type="string">
            <column name="description" length="50" />
        </property>
    </class>
</hibernate-mapping>
