<?xml version="1.0"?>
<!DOCTYPE hibernate-mapping PUBLIC "-//Hibernate/Hibernate Mapping DTD 3.0//EN"
"http://hibernate.sourceforge.net/hibernate-mapping-3.0.dtd">
<!-- Generated Jul 1, 2016 12:23:51 PM by Hibernate Tools 3.4.0.CR1 -->
<hibernate-mapping>
    <class name="com.gtl.mmf.entity.TempregRegistrationIdMappingTb" table="tempreg_registration_id_mapping_tb" catalog="mmfdb">
        <id name="id" type="java.lang.Integer">
            <column name="id" />
            <generator class="identity" />
        </id>
        <property name="customerTempRegId" type="java.lang.Integer">
            <column name="customer_temp_reg_id" />
        </property>
        <property name="email" type="string">
            <column name="email" length="100" />
        </property>
        <property name="registrationId" type="string">
            <column name="registration_id" length="50" />
        </property>
    </class>
</hibernate-mapping>
