<?xml version="1.0" encoding="UTF-8"?>
<!DOCTYPE hibernate-configuration PUBLIC "-//Hibernate/Hibernate Configuration DTD 3.0//EN" "http://www.hibernate.org/dtd/hibernate-configuration-3.0.dtd">
<hibernate-configuration>
    <session-factory>
        <mapping resource="com/gtl/mmf/entity/MasterAdvisorTb.hbm.xml"/>
        <mapping resource="com/gtl/mmf/entity/MasterApplicantTb.hbm.xml"/>
        <mapping resource="com/gtl/mmf/entity/MasterCustomerTb.hbm.xml"/>
        <mapping resource="com/gtl/mmf/entity/CountryTb.hbm.xml"/>
        <mapping resource="com/gtl/mmf/entity/QualificationTb.hbm.xml"/>
        <mapping resource="com/gtl/mmf/entity/InstituteTb.hbm.xml"/>
        <mapping resource="com/gtl/mmf/entity/BrockerTb.hbm.xml"/>
        <mapping resource="com/gtl/mmf/entity/AdminuserTb.hbm.xml"/>
        <mapping resource="com/gtl/mmf/entity/SysConfParamTb.hbm.xml"/>
        <mapping resource="com/gtl/mmf/entity/CustomerAdvisorMappingTb.hbm.xml"/>
        <mapping resource="com/gtl/mmf/entity/ClientButtonsTb.hbm.xml"/>
        <mapping resource="com/gtl/mmf/entity/ContractFreqLookupTb.hbm.xml"/>
        <mapping resource="com/gtl/mmf/entity/ContractPercLookupTb.hbm.xml"/>
        <mapping resource="com/gtl/mmf/entity/QuestionOptionMappingTb.hbm.xml"/>
        <mapping resource="com/gtl/mmf/entity/QuestionmasterTb.hbm.xml"/>
        <mapping resource="com/gtl/mmf/entity/QuestionoptionsmasterTb.hbm.xml"/>
        <mapping resource="com/gtl/mmf/entity/CustomerQuestionResponseSetTb.hbm.xml"/>
        <mapping resource="com/gtl/mmf/entity/MasterPortfolioTypeTb.hbm.xml"/>
        <mapping resource="com/gtl/mmf/entity/CustomerRiskProfileTb.hbm.xml"/>
        <mapping resource="com/gtl/mmf/entity/MasterAssetTb.hbm.xml"/>
        <mapping resource="com/gtl/mmf/entity/PortfolioTb.hbm.xml"/>
        <mapping resource="com/gtl/mmf/entity/PortfolioDetailsTb.hbm.xml"/>
        <mapping resource="com/gtl/mmf/entity/PortfolioSecuritiesTb.hbm.xml"/>
        <mapping resource="com/gtl/mmf/entity/MasterBenchmarkIndexTb.hbm.xml"/>
        <mapping resource="com/gtl/mmf/entity/CustomerPortfolioTb.hbm.xml"/>
        <mapping resource="com/gtl/mmf/entity/CustomerPortfolioDetailsTb.hbm.xml"/>
        <mapping resource="com/gtl/mmf/entity/CustomerPortfolioSecuritiesTb.hbm.xml"/>
        <mapping resource="com/gtl/mmf/entity/PortfolioSecuritiesAuditTb.hbm.xml"/>
        <mapping resource="com/gtl/mmf/entity/PortfolioDetailsAuditTb.hbm.xml"/>
        <mapping resource="com/gtl/mmf/entity/PortfolioAuditTb.hbm.xml"/>
        <mapping resource="com/gtl/mmf/entity/CustomerTransactionOrderDetailsTb.hbm.xml"/>
        <mapping resource="com/gtl/mmf/entity/CustomerTransactionExecutionDetailsTb.hbm.xml"/>
        <mapping resource="com/gtl/mmf/entity/BenchmarkPerformanceTb.hbm.xml"/>
        <mapping resource="com/gtl/mmf/entity/CustomerPortfolioPerformanceTb.hbm.xml"/>
        <mapping resource="com/gtl/mmf/entity/CustomerPortfolioDetailsPerformanceTb.hbm.xml"/>
        <mapping resource="com/gtl/mmf/entity/CustomerPortfolioSecuritiesPerformanceTb.hbm.xml"/>
        <mapping resource="com/gtl/mmf/entity/PortfolioPerformanceTb.hbm.xml"/>
        <mapping resource="com/gtl/mmf/entity/PortfolioDetailsPerformanceTb.hbm.xml"/>
        <mapping resource="com/gtl/mmf/entity/PortfolioSecuritiesPerformanceTb.hbm.xml"/>
        <mapping resource="com/gtl/mmf/entity/AddRedeemLogTb.hbm.xml"/>
        <mapping resource="com/gtl/mmf/entity/JobScheduleTb.hbm.xml"/>
        <mapping resource="com/gtl/mmf/entity/AdvisorDetailsTb.hbm.xml"/>
        <mapping resource="com/gtl/mmf/entity/CustomerPortfolioLogTb.hbm.xml"/>
        <mapping resource="com/gtl/mmf/entity/CustomerDailyCashBalanceTb.hbm.xml"/>
        <mapping resource="com/gtl/mmf/entity/CitiesTb.hbm.xml"/>
        <mapping resource="com/gtl/mmf/entity/CustomerPortfolioAuditTb.hbm.xml"/>
        <mapping resource="com/gtl/mmf/entity/CustomerPortfolioDetailsAuditTb.hbm.xml"/>
        <mapping resource="com/gtl/mmf/entity/CustomerPortfolioSecuritiesAuditTb.hbm.xml"/>
        <mapping resource="com/gtl/mmf/entity/MmfDailyClientBalanceTb.hbm.xml"/>
        <mapping resource="com/gtl/mmf/entity/MmfDailyTxnSummaryTb.hbm.xml"/>
        <mapping resource="com/gtl/mmf/entity/MasterSecurityClassificationTb.hbm.xml"/>
        <mapping resource="com/gtl/mmf/entity/MidcapBseTb.hbm.xml"/>
        <mapping resource="com/gtl/mmf/entity/MidcapNseTb.hbm.xml"/>
        <mapping resource="com/gtl/mmf/entity/IndexNseTb.hbm.xml"/>
        <mapping resource="com/gtl/mmf/entity/IndexBseTb.hbm.xml"/> 
        <mapping resource="com/gtl/mmf/entity/TempRegistrationTb.hbm.xml"/>
        <mapping resource="com/gtl/mmf/entity/RecomendedCustomerPortfolioPerformanceTb.hbm.xml"/>
        <mapping resource="com/gtl/mmf/entity/RecomendedCustomerPortfolioSecuritiesTb.hbm.xml"/>    
        <mapping resource="com/gtl/mmf/entity/OccupationTb.hbm.xml"/>
        <mapping resource="com/gtl/mmf/entity/BankSubTypeTb.hbm.xml"/>
        <mapping resource="com/gtl/mmf/entity/IncomerangeTb.hbm.xml"/>
        <mapping resource="com/gtl/mmf/entity/TradingaccountTb.hbm.xml"/>
        <mapping resource="com/gtl/mmf/entity/DemataccountTb.hbm.xml"/>
        <mapping resource="com/gtl/mmf/entity/OpenningAccountTypeTb.hbm.xml"/>
        <mapping resource="com/gtl/mmf/entity/DpidsTb.hbm.xml"/>
        <mapping resource="com/gtl/mmf/entity/ProofofAddressTb.hbm.xml"/>
        <mapping resource="com/gtl/mmf/entity/ProofofIdentityTb.hbm.xml"/>
        <mapping resource="com/gtl/mmf/entity/ResidentStatusTb.hbm.xml"/>
        <mapping resource="com/gtl/mmf/entity/StateTb.hbm.xml"/>
        <mapping resource="com/gtl/mmf/entity/MandateFormTb.hbm.xml"/>
        <mapping resource="com/gtl/mmf/entity/CustomerManagementFeeTb.hbm.xml"/>
        <mapping resource="com/gtl/mmf/entity/CustomerPerformanceFeeTb.hbm.xml"/> 
        <mapping resource="com/gtl/mmf/entity/EcsRegistrationFiledataTb.hbm.xml"/>
        <mapping resource="com/gtl/mmf/entity/EcsDebtPaymentFileContentTb.hbm.xml"/>
        <mapping resource="com/gtl/mmf/entity/InvestorNomineeDetailsTb.hbm.xml"/>
        <mapping resource="com/gtl/mmf/entity/MasterAdvisorQualificationTb.hbm.xml"/>
        <mapping resource="com/gtl/mmf/entity/BankName.hbm.xml"/>
        <mapping resource="com/gtl/mmf/entity/Advisorbucketwisepayouts.hbm.xml"/>
        <mapping resource="com/gtl/mmf/entity/Performancefeecalculation.hbm.xml"/>
        <mapping resource="com/gtl/mmf/entity/Promodefinitions.hbm.xml"/>
        <mapping resource="com/gtl/mmf/entity/Tieredpromocommissionmatrix.hbm.xml"/>
        <mapping resource="com/gtl/mmf/entity/Tiers.hbm.xml"/>
        <mapping resource="com/gtl/mmf/entity/Totaladvisorpayout.hbm.xml"/>
        <mapping resource="com/gtl/mmf/entity/CashFlowTb.hbm.xml"/>
        <mapping resource="com/gtl/mmf/entity/TempAdv.hbm.xml"/>
        <mapping resource="com/gtl/mmf/entity/TempInv.hbm.xml"/>
        <mapping resource="com/gtl/mmf/entity/KitAllocationTb.hbm.xml"/>

<!-- 		<mapping resource="com/gtl/mmf/entity/CustomerRiskProfileResponseSetTb.hbm.xml"/> -->
<!-- 		<mapping resource="com/gtl/mmf/entity/CustomerRiskProfileResultTb.hbm.xml"/> -->
<!-- 		<mapping resource="com/gtl/mmf/entity/RiskProfileRecommendedPortfolioMasterTb.hbm.xml"/> -->
<!-- 		<mapping resource="com/gtl/mmf/entity/RiskProfileGroupDescriptionMasterTb.hbm.xml"/> -->
 		<mapping resource="com/gtl/mmf/entity/CustomerRiskProfileResponseSetTb.hbm.xml"/>
		<mapping resource="com/gtl/mmf/entity/CustomerRiskProfileResultTb.hbm.xml"/>
		<mapping resource="com/gtl/mmf/entity/RiskProfileRecommendedPortfolioMasterTb.hbm.xml"/>
		<mapping resource="com/gtl/mmf/entity/RiskProfileGroupDescriptionMasterTb.hbm.xml"/>
		<mapping resource="com/gtl/mmf/entity/FpFinancialAssetGrowthAssumptionTb.hbm.xml"/>
		<mapping resource="com/gtl/mmf/entity/FpFinancialAssetUserInputDetailsTb.hbm.xml"/>
		<mapping resource="com/gtl/mmf/entity/FpFrequencyidMasterTb.hbm.xml"/>
		<mapping resource="com/gtl/mmf/entity/FpInsuranceDetailsUserInputsTb.hbm.xml"/>
		<mapping resource="com/gtl/mmf/entity/FpLifeGoalsUserInputTb.hbm.xml"/>
		<mapping resource="com/gtl/mmf/entity/FpLoanRelatedAssumptionsTb.hbm.xml"/>
		<mapping resource="com/gtl/mmf/entity/FpMappingGoalsidToLoansidTb.hbm.xml"/>
		<mapping resource="com/gtl/mmf/entity/FpMasterUserInputDetailsTb.hbm.xml"/>
		<mapping resource="com/gtl/mmf/entity/FpMiscAssumptionsTb.hbm.xml"/>
		<mapping resource="com/gtl/mmf/entity/FpOutstandingloansUserInputsTb.hbm.xml"/>
		<mapping resource="com/gtl/mmf/entity/FpPortfolioReturnsMasterTb.hbm.xml"/>
		<mapping resource="com/gtl/mmf/entity/FpSalaryExpenseIncrementAssumptionsTb.hbm.xml"/>
		<mapping resource="com/gtl/mmf/entity/FpTempFinancialAssetUserInputDetailsTb.hbm.xml"/>
		<mapping resource="com/gtl/mmf/entity/FpTempInsuranceDetailsUserInputsTb.hbm.xml"/>
		<mapping resource="com/gtl/mmf/entity/FpTempLifeGoalsUserInputTb.hbm.xml"/>
		<mapping resource="com/gtl/mmf/entity/FpTempMasterUserInputDetailsTb.hbm.xml"/>
		<mapping resource="com/gtl/mmf/entity/FpTempOutstandingloansUserInputsTb.hbm.xml"/>

        <mapping resource="com/gtl/mmf/entity/MmfRetPortfolioSplitup.hbm.xml"/>
        <mapping resource="com/gtl/mmf/entity/EcsTransmittalSheetTb.hbm.xml"/>
        <mapping resource="com/gtl/mmf/entity/ExchangeHolidayTb.hbm.xml"/>
        <mapping resource="com/gtl/mmf/entity/MmfSettingsTb.hbm.xml"/>
        <mapping resource="com/gtl/mmf/entity/AdminNotificationTb.hbm.xml"/>
        <mapping resource="com/gtl/mmf/entity/BankTb.hbm.xml"/>
        <mapping resource="com/gtl/mmf/entity/IfcMicrMappingTb.hbm.xml"/>
        <mapping resource="com/gtl/mmf/entity/MasterPortfolioSizeTb.hbm.xml"/>
        <mapping resource="com/gtl/mmf/entity/MasterPortfolioStyleTb.hbm.xml"/>
        <mapping resource="com/gtl/mmf/entity/CustomerTwrPortfolioReturnTb.hbm.xml"/>
        <mapping resource="com/gtl/mmf/entity/CustomerTransactionAcquisitionDetailsTb.hbm.xml"/>
        <mapping resource="com/gtl/mmf/entity/EcsPaymentStatusFileTb.hbm.xml"/>
        <mapping resource="com/gtl/mmf/entity/CashTxnForTheDay.hbm.xml"/>
        <mapping resource="com/gtl/mmf/entity/RiskprofileOptionWeightsTb.hbm.xml"/>
        <mapping resource="com/gtl/mmf/entity/CustomerRiskScoreTb.hbm.xml"/>
		<mapping resource="com/gtl/mmf/entity/InvProofFileDetailsTb.hbm.xml"/>
    </session-factory>
</hibernate-configuration>
