<!-- <beans xmlns="http://www.springframework.org/schema/beans"
	xmlns:xsi="http://www.w3.org/2001/XMLSchema-instance" xmlns:p="http://www.springframework.org/schema/p"
	xmlns:aop="http://www.springframework.org/schema/aop" xmlns:context="http://www.springframework.org/schema/context"
	xmlns:jee="http://www.springframework.org/schema/jee" xmlns:tx="http://www.springframework.org/schema/tx"
	xmlns:task="http://www.springframework.org/schema/task"
	xsi:schemaLocation="http://www.springframework.org/schema/aop http://www.springframework.org/schema/aop/spring-aop-3.2.xsd http://www.springframework.org/schema/beans http://www.springframework.org/schema/beans/spring-beans-3.2.xsd http://www.springframework.org/schema/context http://www.springframework.org/schema/context/spring-context-3.2.xsd http://www.springframework.org/schema/jee http://www.springframework.org/schema/jee/spring-jee-3.2.xsd http://www.springframework.org/schema/tx http://www.springframework.org/schema/tx/spring-tx-3.2.xsd http://www.springframework.org/schema/task http://www.springframework.org/schema/task/spring-task-3.2.xsd"
> -->

<beans xmlns="http://www.springframework.org/schema/beans"
    xmlns:xsi="http://www.w3.org/2001/XMLSchema-instance"
    xmlns:aop="http://www.springframework.org/schema/aop"
    xmlns:context="http://www.springframework.org/schema/context"
    xmlns:jee="http://www.springframework.org/schema/jee"
    xmlns:lang="http://www.springframework.org/schema/lang"
    xmlns:p="http://www.springframework.org/schema/p"
    xmlns:tx="http://www.springframework.org/schema/tx"
    xmlns:util="http://www.springframework.org/schema/util"
    xsi:schemaLocation="http://www.springframework.org/schema/beans http://www.springframework.org/schema/beans/spring-beans.xsd
        http://www.springframework.org/schema/aop http://www.springframework.org/schema/aop/spring-aop.xsd
        http://www.springframework.org/schema/context http://www.springframework.org/schema/context/spring-context.xsd
        http://www.springframework.org/schema/jee http://www.springframework.org/schema/jee/spring-jee.xsd
        http://www.springframework.org/schema/lang http://www.springframework.org/schema/lang/spring-lang.xsd
        http://www.springframework.org/schema/tx http://www.springframework.org/schema/tx/spring-tx.xsd
        http://www.springframework.org/schema/util http://www.springframework.org/schema/util/spring-util.xsd">

	<context:annotation-config />
    <bean class="org.springframework.beans.factory.config.PropertyPlaceholderConfigurer">
        <property name="location" value="classpath:dbconfiguration.properties"/>        
    </bean>
    <!--<bean id="myEhCacheManager" class="org.springframework.cache.ehcache.EhCacheManagerFactoryBean">
        <property name="configLocation" value="WEB-INF/ehcache.xml" />
        <property name="shared" value="true"></property>
    </bean>-->    

	<!-- <bean id="dataSource" class="org.apache.commons.dbcp.BasicDataSource" destroy-method="close"> -->
	<bean id="dataSource" class="com.mchange.v2.c3p0.ComboPooledDataSource" destroy-method="close">
        <!-- <property name="driverClassName"><value>${db.driver}</value></property>
        <property name="url"><value>${db.url}</value></property>
        <property name="username"><value>${db.user}</value></property>
        <property name="password" ><value>${db.password}</value></property>  -->
        
		<property name="driverClass"><value>${db.driver}</value></property>
		<property name="jdbcUrl"><value>${db.url}</value></property>
		<property name="user"><value>${db.user}</value></property>
		<property name="password" ><value>${db.password}</value></property>        
        
		<property name="minPoolSize" value="5" />
		<property name="maxPoolSize" value="20" />
		<property name="maxStatements" value="50" />
		<property name="idleConnectionTestPeriod" value="3000" />
		<property name="loginTimeout" value="300" />
    </bean>

    <!-- Hibernate Property -->
    <bean id="sggHibernateProperties"  
          class="org.springframework.beans.factory.config.PropertiesFactoryBean">
         <property name="properties">
              <props>
                <prop key="hibernate.dialect">org.hibernate.dialect.MySQLDialect</prop>
                <prop key="hibernate.show_sql">false</prop>
                <!--  <prop key="hibernate.c3p0.minPoolSize">5</prop>
                <prop key="hibernate.c3p0.maxPoolSize">20</prop>
                <prop key="hibernate.c3p0.timeout">600</prop>
                <prop key="hibernate.c3p0.max_statement">50</prop>
                <prop key="hibernate.c3p0.idle_test_period">3000</prop>-->
                <!--<prop key="hibernate.cache.use_second_level_cache">true</prop>
                <prop key="hibernate.cache.use_query_cache">true</prop>
                <prop key="hibernate.cache.provider_class">org.hibernate.cache.EhCacheProvider</prop>-->
              </props>
         </property>
    </bean>

    <!-- Hibernate SessionFactory -->
    <bean id="HBSessionFactory" 
        class="org.springframework.orm.hibernate4.LocalSessionFactoryBean" >
        <property name="dataSource">
            <ref bean="dataSource"/>
        </property>
        <property name="hibernateProperties">
            <ref bean="sggHibernateProperties" />
        </property>
        <property name="configLocations">
            <list>
                <value>classpath:hibernate-mappings-cfg.xml</value>  
            </list> 
        </property>
    </bean>

    <!--  <bean id="iSpotFineBAO" class="com.gtl.SpotfineBAOImpl"></bean>
    <bean id="spotfineDAO" class="com.gtl.SpotfineDAO"></bean> --> 
   
    
    <!--  Transaction Management using spring starts-->
    <!-- hibernate transaction manager -->
    <tx:annotation-driven/>
    <bean id="transactionManager" 
          class="org.springframework.orm.hibernate4.HibernateTransactionManager">
        <property name="sessionFactory">
            <ref bean="HBSessionFactory"/>
        </property>
    </bean>	

</beans>
